Date,ShareLink,ShareCommentary,SharedUrl,MediaUrl,Visibility
2025-10-11 13:29:38,https://www.linkedin.com/feed/update/urn%3Ali%3Ashare%3A7382769348341379072,"Tariffs, macroeconomic implications caused by political decisions may impact on $ ‚Ç¨ ¬• prices of every thing and corrupt insiders may always exist... But:""
""           1 BTC = 1 BTC   &  21M = ‚àû Value.","","",MEMBER_NETWORK
2025-08-08 21:04:37,https://www.linkedin.com/feed/update/urn%3Ali%3Ashare%3A7359691027856711682,Oh boy! going to enjoy this one.,"","",MEMBER_NETWORK
2025-08-08 20:53:03,https://www.linkedin.com/feed/update/urn%3Ali%3Ashare%3A7359688118372839424,"Es triste ver esta tendencia üìâ""
""""
""En su momento llegu√© a tener un Full Nodr de Bitcoin con Lightning, gestionando muchos canales entrantes y salientes, y cerca de 1 BTC de liquidez. Cre√≠a profundamente en ayudar a que la red creciera.""
""""
""Pero la realidad es:""
""‚ö° La barrera t√©cnica para muchos usuarios sigue siendo alta, lo que dificulta la adopci√≥n de Lightning en autocustodia.""
""‚ö° Los servicios Lightning de terceros todav√≠a podr√≠an ser mucho m√°s f√°ciles de usar, confiables y atractivos.""
""""
""Para quien no est√© familiarizado:""
""""
""Lightning Network (LN) es una capa 2 de pagos sobre Bitcoin. Permite transacciones instant√°neas y baratas creando canales de pago entre usuarios ‚Äî pero requiere bloquear liquidez y mantener tu nodo activo.""
""""
""Liquid Network es otra capa 2, pero funciona diferente. Es una cadena lateral de Bitcoin operada por una federaci√≥n de ‚Äúfunctionaries‚Äù. Es √∫til para transacciones r√°pidas, confidenciales y emisi√≥n de activos, aunque no es tan descentralizada como Lightning o la capa base de Bitcoin.""
""""
""""
""Pros:""
""‚úÖ Lightning ‚Äì Pagos instant√°neos y con bajas comisiones; descentralizado si lo gestionas t√∫ mismo.""
""‚úÖ Liquid ‚Äì Funciones de privacidad, liquidaci√≥n r√°pida, emisi√≥n de activos.""
""""
""Contras:""
""‚ö† Lightning ‚Äì Configuraci√≥n compleja para autocustodia; requiere gesti√≥n activa; limitaciones de liquidez.""
""‚ö† Liquid ‚Äì Depende de la confianza en una federaci√≥n; menor resistencia a censura que la cadena principal de Bitcoin.""
""""
""Bitcoin es imparable. Pero para que estas capas 2 cumplan su promesa, debemos reducir barreras, mejorar la experiencia de usuario y dar a m√°s personas las herramientas para operar sus propios nodos ‚Äî sin depender √∫nicamente de servicios centralizados.""
""""
""El futuro es multicapa, pero solo si seguimos construyendo.""
""""
""#Bitcoin #LightningNetwork #LiquidNetwork #BTC #Layer2 #Innovaci√≥n #Descentralizaci√≥n""
""""
""""
""","","",MEMBER_NETWORK
2025-08-08 20:51:06,https://www.linkedin.com/feed/update/urn%3Ali%3Ashare%3A7359687623688306688,"Sad to see this trend üìâ""
""""
""At one point, I was running a full Bitcoin node with Lightning, managing many inbound and outbound channels, and close to 1 BTC of liquidity. I believed deeply in helping the network grow.""
""""
""But here‚Äôs the reality:""
""‚ö° The technical barrier for many users is still high, making self-custody Lightning adoption difficult.""
""‚ö° Third-party Lightning services could be far more user-friendly, reliable, and rewarding.""
""""
""For those new to it:""
""""
""Lightning Network (LN) is a Layer 2 payment network built on top of Bitcoin. It allows instant, cheap transactions by creating payment channels between users ‚Äî but you need to lock up liquidity and maintain your node to keep it running.""
""""
""Liquid Network is another Layer 2, but it works differently. It‚Äôs a Bitcoin sidechain run by a federation of functionaries. It‚Äôs great for faster, confidential transactions and token issuance, but it‚Äôs not as decentralized as Lightning or Bitcoin‚Äôs base layer.""
""""
""""
""Pros:""
""‚úÖ Lightning ‚Äì Instant, low-fee payments; decentralized if self-hosted.""
""‚úÖ Liquid ‚Äì Privacy features, fast settlement, asset issuance.""
""""
""Cons:""
""‚ö† Lightning ‚Äì Complex setup for self-custody; requires active management; liquidity constraints.""
""‚ö† Liquid ‚Äì Requires trust in a federation; not censorship-resistant to the same degree as Bitcoin‚Äôs main chain.""
""""
""Bitcoin is unstoppable. But for these Layer 2s to fulfill their promise, we must lower barriers, improve UX, and empower more people to run their own setups ‚Äî rather than relying solely on centralized services.""
""""
""The future is multi-layered, but only if we keep building.""
""""
""#Bitcoin #LightningNetwork #LiquidNetwork #BTC #Layer2 #CryptoInnovation #Decentralization""
""""
""""
""","","",MEMBER_NETWORK
2025-08-08 17:57:35,https://www.linkedin.com/feed/update/urn%3Ali%3Ashare%3A7359643959532412930,"üì¢ Bitcoin entra en el juego de las pensiones""
""üì¢ Bitcoin joins the retirement game""
""""
""Trump ha firmado una orden que permitir√° incluir BTC como opci√≥n en los 401(k), el sistema de ahorro para jubilaci√≥n m√°s grande de EE.UU.""
""Trump has signed an order allowing BTC as an option in 401(k) plans, the largest retirement savings system in the U.S.""
""""
""Esto marca un paso importante hacia la diversificaci√≥n y modernizaci√≥n de los planes de retiro, ofreciendo a millones de personas acceso a un activo digital descentralizado y limitado.""
""This marks an important step toward diversification and modernization of retirement plans, giving millions access to a decentralized and limited digital asset.""
""""
""M√°s all√° de la pol√≠tica, es un reconocimiento de que Bitcoin ya es parte de la conversaci√≥n financiera global.""
""Beyond politics, it‚Äôs recognition that Bitcoin is already part of the global financial conversation.""
""""
""#Bitcoin #BTC #Inversi√≥n #Finanzas #401k #Retirement #Innovation""
""""
""","","",MEMBER_NETWORK
2025-07-30 11:24:26,https://www.linkedin.com/feed/update/urn%3Ali%3Ashare%3A7356283529757974528,DECENTRALIZED üí™,"","",MEMBER_NETWORK
2025-07-19 12:18:12,https://www.linkedin.com/feed/update/urn%3Ali%3Ashare%3A7352310794459439105,"Espero poder dar mi opini√≥n en unos a√±os sobre trabajar en remoto üôÑ.""
""""
""Pero como todo en la vida debe tener sus pros y sus contras üòÜ.""
""""
""Si eres de RRHH/ Hiring y tienes un puesto para un Junior en CyberSeguridad/ IT, HelpDesk en Remoto soy t√∫ candidato!""
""""
""#OpenToWork","","",MEMBER_NETWORK
2025-07-14 17:54:46,https://www.linkedin.com/feed/update/urn%3Ali%3Ashare%3A7350583551949471748,"üîí Si ni siquiera pudieron sostener sus qubits topol√≥gicos sin que se les desmoronara el castillo de arena...""
""¬øDe verdad confiar√≠as en que Microsoft proteja tu informaci√≥n bancaria, tus contrase√±as o tu identidad digital?""
""""
""Cada vez que una gran empresa vende una ‚Äúrevoluci√≥n‚Äù y termina siendo humo, no solo decepciona: tambi√©n pone en duda cu√°nta verdad hay detr√°s de las herramientas que usamos a diario para protegernos.""
""""
""No hace falta entrar en papers cient√≠ficos para entender algo b√°sico:""
""üìå La seguridad real no viene de confiar en promesas, sino de poder verificar c√≥mo funciona lo que usas.""
""üìå La privacidad no deber√≠a depender de lo que diga una corporaci√≥n, sino de protocolos abiertos que cualquiera pueda auditar.""
""""
""üí° Tecnolog√≠as como PGP, SSH, HTTPS o las VPNs bien configuradas llevan a√±os protegi√©ndonos, no porque lo diga un logo, sino porque est√°n construidas sobre fundamentos p√∫blicos, probados y mejorados por comunidades reales.""
""üüß Bitcoin tambi√©n entra ah√≠, por su dise√±o abierto y resistente, sin necesidad de pedir permiso ni confiar en terceros.""
""""
""No se trata de idolatrar tecnolog√≠as. Se trata de elegir herramientas que podamos entender, mejorar y defender.""
""""
""Porque entre castillos de arena y estructuras s√≥lidas,""
""yo lo tengo claro: verifica, no conf√≠es.""
""""
""#SeguridadDigital #OpenSource #Criptograf√≠a #PGP #SSH #VPN #HTTPS #Bitcoin #Privacidad #Descentralizaci√≥n #VerificaNoConf√≠es","","",MEMBER_NETWORK
2025-07-14 17:39:56,https://www.linkedin.com/feed/update/urn%3Ali%3AugcPost%3A7350579819518070785,"üö® Spoofing + AI: the perfect combo for a nearly perfect scam üö®""
""""
""We're seeing more and more cases where artificial intelligence is being combined with phone spoofing to deceive people and trick them into transferring money. And here's the scary part: they no longer need hours of audio to clone your voice ‚Äî just a few minutes will do.""
""""
""If you‚Äôve ever uploaded a video or spoken in a podcast, interview, or livestream, congrats ‚Äî there‚Äôs already enough data out there to impersonate you.""
""""
""This isn‚Äôt paranoia, it‚Äôs just smart defense. Many CEOs and high-profile individuals now use pre-agreed code words or phrases with family or trusted contacts to verify authenticity during sensitive calls.""
""""
""Personally, I had a running joke with a friend: ‚Äî‚ÄúThey say it‚Äôs really cold today.‚Äù ‚Äî‚ÄúYeah, but people still go swimming at the beach.‚Äù""
""""
""Total nonsense. But nonsense that could save you. If someone doesn‚Äôt respond with the expected phrase ‚Äî red flag.""
""""
""üëâ Consider setting up a verbal passphrase with your loved ones, financial advisor, lawyer, or anyone critical. It costs nothing and could save you from losing a lot ‚Äî money or worse.""
""""
""AI is moving fast. Let‚Äôs not make it easy for scammers to keep up.""
""""
""#CyberSecurity #AIThreats #PhoneSpoofing #SocialEngineering #DigitalIdentity #SecurityTips #EthicalHacking #Infosec""
""","","",MEMBER_NETWORK
2025-07-14 17:37:49,https://www.linkedin.com/feed/update/urn%3Ali%3AugcPost%3A7350579287734792193,"üö® Spoofing + IA: el combo perfecto para una estafa casi perfecta üö®""
""""
""Cada vez es m√°s com√∫n ver casos donde combinan inteligencia artificial con suplantaci√≥n telef√≥nica (phone spoofing) para enga√±ar a personas y obtener transferencias de dinero. Y lo m√°s preocupante: ya no necesitan horas de audio para clonar una voz, con unos minutos basta.""
""""
""¬øTienes v√≠deos en redes sociales? ¬øHas subido alg√∫n audio a internet? Entonces ya hay material suficiente para suplantarte.""
""""
""Esto no es paranoia, es prevenci√≥n. Hoy en d√≠a, muchos CEOs y personas con alto perfil tienen palabras clave pactadas con familiares o socios. ¬øEl objetivo? Confirmar que quien llama es quien dice ser.""
""""
""Por ejemplo, yo con un amigo ten√≠amos una broma interna: ‚Äî""Dicen que hace mucho fr√≠o"" ‚Äî""S√≠, pero igual la gente se ba√±a en la playa""""
""""
""Una frase absurda, sin contexto, pero que pod√≠a marcar la diferencia entre saber que era √©l o que algo andaba mal.""
""""
""üëâ Piensa en tener tu propia contrase√±a verbal con tus seres queridos, tu abogado, asesor financiero o quien creas necesario. No cuesta nada, y puede ahorrarte un susto (o una estafa de cinco cifras).""
""""
""La IA est√° avanzando r√°pido. Que no nos pille por tontos.""
""""
""#Ciberseguridad #IA #Spoofing #Ingenier√≠aSocial #Prevenci√≥n #IdentidadDigital #Hacking√âtico #Seguridad","","",MEMBER_NETWORK
2025-07-12 20:04:22,https://www.linkedin.com/feed/update/urn%3Ali%3Ashare%3A7349891391310675968,"Extremely good content & learning material. Thoroughly enjoyed their courses on ""Bitcoin for everyone"" + ""Bitcoin for Developers"".","","",MEMBER_NETWORK
2025-07-08 12:16:04,https://www.linkedin.com/feed/update/urn%3Ali%3Ashare%3A7348323987724107778,"üíª ¬°Acabo de lanzar mi primer sitio web de portafolio personal!""
""""
""Es sencillo, pero es completamente m√≠o ‚Äî y representa un paso importante en mi transici√≥n profesional hacia el mundo de la Ciberseguridad.""
""""
""üëâ https://lnkd.in/dvqwiYhG""
""""
""A√∫n hay mucho por mejorar: detalles visuales, estructura, m√°s contenido‚Ä¶ pero quer√≠a compartir esta primera versi√≥n y salir ah√≠ fuera.""
""""
""Estoy buscando activamente oportunidades como Junior en Ciberseguridad, Hacking √âtico o Cloud (AWS) ‚Äî idealmente remoto.""
""""
""Si trabajas en RRHH, reclutamiento tech o simplemente quieres dar feedback o consejos, ¬°te lo agradecer√≠a much√≠simo! üôå""
""""
""Gracias por echarle un vistazo ‚Äî y si t√∫ tambi√©n est√°s creando tu primer portafolio, ¬°me encantar√≠a conectar contigo!""
""""
""#Ciberseguridad #Portfolio #CambioDeCarrera #HTML #CSS #JavaScript #GitHub #AWS #Hacking√âtico #TrabajoRemoto #OpenToWork","","",MEMBER_NETWORK
2025-07-08 12:13:23,https://www.linkedin.com/feed/update/urn%3Ali%3Ashare%3A7348323312487256065,"üíª Just launched my first personal portfolio website!""
""""
""It‚Äôs simple, but it‚Äôs mine ‚Äî and it marks a real milestone on my journey to switch careers into Cybersecurity.""
""""
""üëâ https://lnkd.in/dvqwiYhG""
""""
""I still have lots to improve ‚Äî UI polish, more projects, better structure ‚Äî but I wanted to share the current version anyway.""
""""
""I'm actively looking for Junior roles in Cybersecurity / Ethical Hacking / Cloud (AWS) ‚Äî and open to remote opportunities.""
""""
""If you're a recruiter, HR contact, or in tech and willing to offer advice or feedback, I‚Äôd greatly appreciate it üôå""
""""
""Thanks for checking it out ‚Äî and if you're also building your first portfolio, I'd love to connect and support each other!""
""""
""#Cybersecurity #Portfolio #CareerChange #HTML #CSS #JavaScript #OpenToWork #GitHub #AWS #EthicalHacking #RemoteWork",https://jimblogic.github.io/,"",MEMBER_NETWORK
2025-07-03 18:27:08,https://www.linkedin.com/feed/update/urn%3Ali%3Ashare%3A7346605430862667776,"I've had a great time completing this room:""
""Very much recommended!""
""https://lnkd.in/dnJqFAr5",https://tryhackme.com/room/networkservices?utm_source=linkedin&utm_medium=social&utm_campaign=social_share&utm_content=room,"",MEMBER_NETWORK
2025-06-30 14:26:45,https://www.linkedin.com/feed/update/urn%3Ali%3Ashare%3A7345457772852838400,"He intentado encontrar un mentor en Ciberseguridad antes, pero sin mucho √©xito. üëÄ""
""Tras terminar un bootcamp intensivo, me he divertido trasteando con m√≥dulos, salas de hacking y herramientas‚Ä¶""
""Pero echo de menos esa sensaci√≥n de comunidad y aprendizaje compartido que ten√≠a con mis compa√±eros durante el curso.""
""""
""üó®Ô∏è Si te interesa hablar sobre Hacking √âtico, herramientas, webs de pr√°ctica o proyectos, ¬°m√°ndame un mensaje!""
""Me encantar√≠a compartir ideas, aprender y crecer con personas que vibren en esta misma frecuencia.""
""""
""Adem√°s, me apasionan temas como Bitcoin, criptograf√≠a, herramientas de OpSec, la historia y los ideales cypherpunk, el software libre y mucho m√°s. üí™""
""""
""üëâ No solo conectemos‚Ä¶ ¬°hablemos!""
""Construyamos algo m√°s que una red de contactos. üöÄ""
""""
""#Ciberseguridad #HackingEtico #Mentor√≠aTecnol√≥gica #Bitcoin #OpSec #SoftwareLibre""
""""
""","","",MEMBER_NETWORK
2025-06-30 14:16:38,https://www.linkedin.com/feed/update/urn%3Ali%3Ashare%3A7345455227707215872,"I've tried to find a Cybersecurity Mentor before with no success. üëÄ""
""After my Intensive Bootcamp it's been fun to tinker around with modules & hacking rooms. But I miss the feeling of belonging that I had during my course with fellow students.""
""Send me a DM if you would like to discuss Ethical Hacking tools, practice websites or projects.""
""I'm also passionate about Bitcoin, Cryptography, OpSec tools, Cypherpunk history , ideals, OpenSource software and much more.üí™""
""""
""Let's do more than just connect, let's chat!","","",MEMBER_NETWORK
2025-06-29 21:06:52,https://www.linkedin.com/feed/update/urn%3Ali%3Ashare%3A7345196078004105216,"Amazing module to test DevTools to find login cookies, try GET, POST and much more.","","",MEMBER_NETWORK
2025-06-29 20:21:32,https://www.linkedin.com/feed/update/urn%3Ali%3Ashare%3A7345184669002256386,"A bit of very basic practice:""
""https://lnkd.in/duqnwpBm",https://tryhackme.com/room/pythonbasics?utm_source=linkedin&utm_medium=social&utm_campaign=social_share&utm_content=room,"",MEMBER_NETWORK
2025-06-27 14:15:43,https://www.linkedin.com/feed/update/urn%3Ali%3Ashare%3A7344367833478225920,"Could someone recommend any interesting Virtual Machine to practice Ethical Hacking, pentesting, SOC, etc. ??""
""Cheers!","","",MEMBER_NETWORK
2025-06-25 18:42:08,https://www.linkedin.com/feed/update/urn%3Ali%3Ashare%3A7343710103088369666,"Perseverance is key, incremental gains of knowledge with a routine of daily or weekly learning will add up more in the long term than outbursts of inconsistent dedication.","","",MEMBER_NETWORK
2025-06-25 18:18:58,https://www.linkedin.com/feed/update/urn%3Ali%3Ashare%3A7343704275723640834,"Indeed ""Everything is connected"" and Asymmetric Cryptography is essential for our every day use of apps, internet, VLANs, and so on.",https://academy.hackthebox.com/achievement/badge/953967f6-51ef-11f0-bcfd-bea50ffe6cb4,"",MEMBER_NETWORK
2025-06-25 18:12:47,https://www.linkedin.com/feed/update/urn%3Ali%3Ashare%3A7343702716373729281,I enjoy going back to the basics and understanding concepts with new insights gained with experience and study.,"","",MEMBER_NETWORK
2025-06-20 13:44:22,https://www.linkedin.com/feed/update/urn%3Ali%3Ashare%3A7341823230485172224,"Ya sab√©is buena gente, 2FA en todos los lados posibles y un gestor de contrase√±as OpenSource o de pago que haya sido auditado.","","",MEMBER_NETWORK
2025-06-17 21:16:01,https://www.linkedin.com/feed/update/urn%3Ali%3Ashare%3A7340849727250268160,"Should I Twitch again?""
""""
""Enegery is renewed!","","",MEMBER_NETWORK
2025-06-17 21:09:59,https://www.linkedin.com/feed/update/urn%3Ali%3Ashare%3A7340848208954191872,"https://lnkd.in/dUw3ZeAF I'm still working on my portfolio web page to unify all my learning in an easly shared format.""
""""
""But with all honesty, I still need many hours to debug and understand the Languages that my project uses:""
""""
""""
""CSS""
""58.7%""
""¬†""
""HTML""
""33.8%""
""¬†""
""JavaScript""
""7.5%""
""""
""(Fun fuct I studied Python first and then selftaught myself into a mess hahaha)",https://github.com/jimblogic,"",MEMBER_NETWORK
2025-06-17 21:03:37,https://www.linkedin.com/feed/update/urn%3Ali%3Ashare%3A7340846605564047360,Grinding a daily normal FIAT job has diverted my CyberSecurity learning path for the past few months. But I'm glad to be using my Ethical Hacking Skills and tools again when I find the time to do so.,"","",MEMBER_NETWORK
2025-06-17 20:59:26,https://www.linkedin.com/feed/update/urn%3Ali%3Ashare%3A7340845552261029888,"Linux isn't only a cute looking penguin OS, it's a world of testing errors and seeking fixes. Extremely versatile and moddifiable.",https://tryhackme.com/r/JimBLogic/badges/linux-privesc?utm_source=linkedin&utm_medium=social&utm_campaign=social_share&utm_content=badge,"",MEMBER_NETWORK
2025-06-17 20:55:47,https://www.linkedin.com/feed/update/urn%3Ali%3Ashare%3A7340844635629441024,Really want to find a team to work with and learn more every day.,https://tryhackme.com/r/JimBLogic/badges/careerreadybadge?utm_source=linkedin&utm_medium=social&utm_campaign=social_share&utm_content=badge,"",MEMBER_NETWORK
2025-06-17 20:54:23,https://www.linkedin.com/feed/update/urn%3Ali%3Ashare%3A7340844281550503937,"Not only a good series, but an awesome machine to exploit.",https://tryhackme.com/r/JimBLogic/badges/mr-robot?utm_source=linkedin&utm_medium=social&utm_campaign=social_share&utm_content=badge,"",MEMBER_NETWORK
2025-06-17 20:52:57,https://www.linkedin.com/feed/update/urn%3Ali%3Ashare%3A7340843922224525312,"I love testing and cracking hashes, very worth the time to complete the module.",https://tryhackme.com/r/JimBLogic/badges/hash-cracker?utm_source=linkedin&utm_medium=social&utm_campaign=social_share&utm_content=badge,"",MEMBER_NETWORK
2025-06-17 20:49:28,https://www.linkedin.com/feed/update/urn%3Ali%3Ashare%3A7340843045623365633,Good Stuff,"","",MEMBER_NETWORK
2025-06-17 20:48:49,https://www.linkedin.com/feed/update/urn%3Ali%3Ashare%3A7340842882452336641,"Also 3 months old, but happy to share my MacOS learning path.","","",MEMBER_NETWORK
2025-06-17 20:47:51,https://www.linkedin.com/feed/update/urn%3Ali%3Ashare%3A7340842638780071939,3 Months ago I completed all the fundamental modules üëÄ ü¶æ,"","",MEMBER_NETWORK
2025-06-17 20:46:54,https://www.linkedin.com/feed/update/urn%3Ali%3Ashare%3A7340842398316388352,Old Badge but worthy to share.,"","",MEMBER_NETWORK
2025-06-17 20:46:30,https://www.linkedin.com/feed/update/urn%3Ali%3Ashare%3A7340842299020488704,It's fun to play around with JavaScript Deobfuscation.,"","",MEMBER_NETWORK
2025-06-17 19:59:23,https://www.linkedin.com/feed/update/urn%3Ali%3Ashare%3A7340830444038336513,Just completed:,"","",MEMBER_NETWORK
2025-06-12 21:14:06,https://www.linkedin.com/feed/update/urn%3Ali%3Ashare%3A7339037306672054272,"Todo este revuelo sobre los ordenadores cu√°nticos capaces de robar claves privadas de Bitcoin suena alarmante, pero en la mayor√≠a de los casos es puro sensacionalismo.""
""Pi√©nsalo as√≠: si una m√°quina cu√°ntica pudiera realmente romper las matem√°ticas que protegen Bitcoin, tambi√©n podr√≠a romper cualquier otro sistema de cifrado ‚Äîcomo el de tu banco online, tu cuenta de Netflix o incluso tu correo electr√≥nico.""
""De hecho, la propia BlackRock ha advertido que un avance cu√°ntico as√≠ ‚Äúsocavar√≠a la viabilidad‚Äù de la criptograf√≠a en toda la industria tecnol√≥gica.""
""As√≠ que culpar √∫nicamente a Bitcoin es como preocuparse por una sola cerradura cuando alguien ha construido una llave maestra capaz de abrirlas todas.""
""""
""""
""---""
""""
""Tranquilidad: todav√≠a queda mucho camino""
""""
""Pongamos las cosas en perspectiva.""
""Los ordenadores cu√°nticos actuales a√∫n est√°n en una fase muy temprana.""
""Como dice Coindesk de forma bastante directa: ‚Äúno existe a√∫n ninguna m√°quina capaz de romper el cifrado de Bitcoin‚Äù.""
""La m√°s potente de IBM ronda los 1.100 c√∫bits, y la de Google apenas llega a los 53.""
""La mayor√≠a de expertos coinciden en que estamos, como m√≠nimo, a entre 10 y 20 a√±os de que exista una cu√°ntica lo suficientemente potente como para representar una amenaza real.""
""Y en tecnolog√≠a, dos d√©cadas son una eternidad. Para entonces, ya habr√° nuevas defensas en marcha.""
""""
""""
""---""
""""
""Todos tendr√°n que actualizarse (y podr√°n hacerlo)""
""""
""Mientras tanto, los desarrolladores no est√°n de brazos cruzados.""
""Ya existen propuestas y avances concretos hacia criptograf√≠a ‚Äúpost-cu√°ntica‚Äù.""
""Si la amenaza cu√°ntica se hace realidad, Bitcoin (igual que el resto de sistemas) podr√° actualizar su protocolo a claves resistentes.""
""Es como cambiar todas las cerraduras del edificio cuando alguien inventa una herramienta capaz de abrirlas todas.""
""De hecho, investigadores de IBM han calculado que incluso un ordenador cu√°ntico del futuro tardar√≠a unos 100.000 millones de a√±os en romper el cifrado AES-128 que protege hoy servicios como Netflix o la banca online.""
""Bitcoin puede aguantar eso... y para entonces, todo Internet habr√° cambiado sus ‚Äúcerraduras‚Äù tambi√©n.""
""""
""""
""---""
""""
""La verdadera conclusi√≥n""
""""
""La pr√≥xima vez que alguien saque el argumento de ‚Äúla cu√°ntica acabar√° con Bitcoin‚Äù, respira hondo.""
""No se trata de una vulnerabilidad espec√≠fica de Bitcoin, sino de una amenaza global a los sistemas de cifrado actuales.""
""Si las m√°quinas cu√°nticas llegan a ser tan potentes como se teme, afectar√°n a todo: desde las tarjetas bancarias hasta las redes sociales.""
""Microsoft o Mastercard ser√°n de los primeros en actualizarse, pero Bitcoin no se quedar√° atr√°s.""
""""
""Por ahora, calma: la comunidad de Bitcoin est√° atenta, la criptograf√≠a resistente a cu√°ntica ya est√° en desarrollo, y el riesgo, aunque real, a√∫n queda lejos.""
""""
""","","",MEMBER_NETWORK
2025-06-12 21:08:13,https://www.linkedin.com/feed/update/urn%3Ali%3Ashare%3A7339035824639950848,"All this buzz about quantum computers stealing Bitcoin keys sounds scary, but it‚Äôs mostly hype. Think of it this way: if a quantum computer could really break Bitcoin‚Äôs math, it could break any encryption out there ‚Äì your online bank, Netflix account, or email password would be toast too. In fact, BlackRock warns that such a quantum breakthrough would ‚Äúundermine the viability‚Äù of cryptography across the entire tech industry, not just Bitcoin. So blaming Bitcoin alone is like worrying about one lock when someone built a skeleton key for every door ‚Äì quantum would open them all.""
""""
""Don‚Äôt Panic ‚Äì It‚Äôs Decades Away""
""""
""Here‚Äôs some perspective: today‚Äôs quantum computers are puny. As Coindesk bluntly notes, ‚Äúno such machine exists yet‚Äù to crack Bitcoin-level encryption ‚Äì IBM‚Äôs biggest has ~1,100 qubits and Google‚Äôs only 53. Experts generally agree we‚Äôre still 10‚Äì20 years (or more) from a quantum supercomputer that could threaten Bitcoin. That‚Äôs a long time in tech years. By then, engineers will likely have rolled out the next-generation defenses.""
""""
""Everyone Will (Eventually) Upgrade""
""""
""Meanwhile, developers aren‚Äôt ignoring this. Plans for ‚Äúpost-quantum‚Äù cryptography are already on the table. If quantum ever did materialize, we could simply hard-fork or patch Bitcoin (and everything else) to new, quantum-safe keys. Think of it like swapping to a better lock when someone invents a master key. In fact, IBM researchers point out that even a future quantum machine would need about 100 billion years to crack the AES-128 encryption that keeps Netflix and online banking safe today. Bitcoin can hold off that long ‚Äì and by then the whole internet will have updated its locks too.""
""""
""The Real Takeaway""
""""
""So next time someone waves the ‚Äúquantum will kill Bitcoin‚Äù flag, just smile. This is a general encryption issue, not a secret Bitcoin flaw. If quantum computers ever really get that strong, everything from credit cards to social media will be in the same boat ‚Äì Microaoft or Mastercard might be the first to fix it, but Bitcoin‚Äôs not far behind. For now, keep calm: Bitcoin‚Äôs community is savvy, quantum-resistant crypto is already in development, and the threat is everywhere (it‚Äôs not a Bitcoin-only boogeyman).""
""""
""Key points:""
""""
""Quantum computers could eventually break all current public-key encryption ‚Äì not just Bitcoin‚Äôs.""
""""
""It‚Äôs not going to happen overnight. Experts say any real quantum threat is a decade or two away (IBM notes AES-128 could last on the order of 10<sup>11</sup> years under quantum).""
""""
""By the time that day comes, everyone will have switched to quantum-safe cryptography.""
""""
""In short: Don‚Äôt sweat it. If quantum can pick one lock, it can pick them all ‚Äì and engineers are already cooking up fixes for everything.""
""""
""","","",MEMBER_NETWORK
2025-06-12 10:25:59,https://www.linkedin.com/feed/update/urn%3Ali%3AugcPost%3A7338874203355451392,"People who ""worry"" about or disingenuously use the ""Quantum Computing will break Bitcoin' private and public key pairs"" narrative as an excuse to not own bitcoin or tell others not to. Should worry about the encryption they use to make ""safe payments"" online or the pin number they use for their debit card. Think about all the data stored and encrypted as social security numbers or personal details ""protected"" and stored by big businesses or governments. If quantum breaks encryption its not only Bitcoin that will upgrade the protocol and react to be quantum resistant. Your Netflix account will also need to react so that someone from the other side of the world can't access your movies and watch stuff for free.","","",MEMBER_NETWORK
2025-05-01 11:46:40,https://www.linkedin.com/feed/update/urn%3Ali%3Ashare%3A7323674214840856576,"Although my shares are a grain of sand. I am excited to have voted on Strategy INCORPORATED 2025‚Äå ‚ÄåAnnual Meeting‚Äå. ""
""""
""Great company & I really support their approach with #Bitcoin.","","",MEMBER_NETWORK
2025-03-14 09:43:25,https://www.linkedin.com/feed/update/urn%3Ali%3AugcPost%3A7306248580795662337,"""
""El debate sobre el euro digital, que Christine Lagarde podr√≠a introducir a finales de este a√±o, nos invita a reflexionar profundamente sobre el futuro de la privacidad y la libertad financiera. En mi opini√≥n, las CBDC (monedas digitales de banco central) plantean riesgos que podr√≠an transformar radicalmente la naturaleza del dinero, convirti√©ndolo en un instrumento sujeto a controles excesivos.""
""""
""Imagina un escenario en el que el dinero tenga fecha de caducidad para incentivar el gasto en momentos determinados o en el que se limiten las compras de servicios esenciales‚Äîcomo billetes de tren o avi√≥n‚Äîal agotar un ‚Äúcupo de uso‚Äù basado en la huella de carbono. O peor a√∫n, considera la posibilidad de que se congelen o confisquen fondos bajo criterios arbitrarios, afectando incluso el acceso a bienes culturales o informativos, en funci√≥n de que estos se consideren contrarios a ciertos intereses gubernamentales.""
""""
""Estos posibles escenarios no solo ponen en riesgo nuestra autonom√≠a financiera, sino que tambi√©n amenazan pilares fundamentales de nuestra sociedad, como la libertad de expresi√≥n y el acceso a la informaci√≥n. En palabras de George Orwell en ‚Äú1984‚Äù: ‚ÄúSi quieres hacerte una idea de c√≥mo ser√° el futuro, imagina una bota aplastando un rostro humano incesantemente.‚Äù""
""""
""Invito a todos a reflexionar sobre estos desaf√≠os √©ticos y sociales, y a participar en el debate sobre c√≥mo asegurar que la innovaci√≥n digital no comprometa nuestros derechos fundamentales.","","",MEMBER_NETWORK
2025-03-02 18:28:16,https://www.linkedin.com/feed/update/urn%3Ali%3AugcPost%3A7302032010724753408,"I'm sad that a ‚Çøitcoin Standard could have been established but by how he posted it's more like a $hitcoin Standard, by adding other ""alt coins"" to the US National Treasury Reserve.","","",MEMBER_NETWORK
2025-03-02 14:45:09,https://www.linkedin.com/feed/update/urn%3Ali%3Ashare%3A7301975862252363778,"Going through the basics as a recap, consolidating knowledge.","","",MEMBER_NETWORK
2025-02-28 10:32:42,https://www.linkedin.com/feed/update/urn%3Ali%3Ashare%3A7301187554643460096,"My Free LinkedIn Premium month has ended, and these are my thoughts:""
""""
""1. The algorithm appeared to be a lot more precise and show A LOT more positions related to CyberSecurity to apply to.""
""""
""2. I still haven't had a single interview even if I'm weekly productively learning and sharing certifications related to the industry and showing my personal growth on top of my Intensive Full Time Bootcamp.""
""""
""3. LinkedIn Learn platform was something I REALLY enjoyed and I wish I had more time to finish and do practice exams provided by the platform for certs line ""AWS Cloud Practitioner""""
""""
""4. Not affordable within my personal financial situation after spending thousands of Euros on the Bootcamp I did.""
""""
""Hope you might fins these insights useful.""
""""
""Cheers.""
""","","",MEMBER_NETWORK
2025-02-28 10:23:52,https://www.linkedin.com/feed/update/urn%3Ali%3Ashare%3A7301185331515588608,"""Move fast and break things"" (Old Facebook motto) might be a good concept idea for some Techo innovation. But in terms of CyberSecurity jumping into the latest trend and input sensitive information, access API keys, private keys and all sorts of data is bad practice.","","",MEMBER_NETWORK
2025-02-18 13:11:34,https://www.linkedin.com/feed/update/urn%3Ali%3Ashare%3A7297603656579706880,Good explanations with visual examples plus Entertaining tasks. Cheers TryHackMe !,"","",MEMBER_NETWORK
2025-02-18 12:48:02,https://www.linkedin.com/feed/update/urn%3Ali%3Ashare%3A7297597733979217922,Just finished the learning path ‚ÄúCareer Essentials in Cybersecurity by Microsoft and LinkedIn‚Äù! #threatvulnerabilitymanagement #informationsecurityawareness,"","",MEMBER_NETWORK
2025-02-18 12:47:48,https://www.linkedin.com/feed/update/urn%3Ali%3Ashare%3A7297597673082150912,Just finished the learning path ‚ÄúCareer Essentials in Cybersecurity by Microsoft and LinkedIn‚Äù!¬† Scored 80% ! https://lnkd.in/dBpvqcrt¬†,"","",MEMBER_NETWORK
2025-02-17 18:43:47,https://www.linkedin.com/feed/update/urn%3Ali%3Ashare%3A7297324870802022402,Just finished the course ‚ÄúCybersecurity Foundations‚Äù by Malcolm Shore! Check it out: https://lnkd.in/dg7pMt6n #cybersecurity.,"","",MEMBER_NETWORK
2025-02-16 22:07:52,https://www.linkedin.com/feed/update/urn%3Ali%3Ashare%3A7297013842604167168,Just finished the course ‚ÄúCybersecurity Awareness: Cybersecurity Terminology‚Äù! Check it out: https://lnkd.in/dhuagnjh,"","",MEMBER_NETWORK
2025-02-16 18:01:26,https://www.linkedin.com/feed/update/urn%3Ali%3Ashare%3A7296951827877564416,"Keep active every day, don¬¥t give up. Eager to keep growing! TryHackMe #7daystreak","","",MEMBER_NETWORK
2025-02-16 11:23:39,https://www.linkedin.com/feed/update/urn%3Ali%3Ashare%3A7296851722423922691,Fun to refresh some basics; Ethical Hacking: Cloud Computing from Cybrary!,"","",MEMBER_NETWORK
2025-02-14 14:18:36,https://www.linkedin.com/feed/update/urn%3Ali%3Ashare%3A7296170972343144449,"Just finished the course ‚ÄúCybersecurity Foundations: Governance, Risk, and Compliance (GRC)‚Äù by AJ Yawn! Good refresher indeed! So many more interesting things to learn and investigate. https://lnkd.in/dDgfZEeB #governanceriskmanagementandcompliance #cybersecurity.","","",MEMBER_NETWORK
2025-02-13 20:35:36,https://www.linkedin.com/feed/update/urn%3Ali%3Ashare%3A7295903460552503296,"As a Bitcoiner I'm always into learning more about Cryptography üéØ üññ  Decent videos to refresh knowledge and recap, cheers Cybrary!","","",MEMBER_NETWORK
2025-02-12 15:24:03,https://www.linkedin.com/feed/update/urn%3Ali%3Ashare%3A7295462668465836032,Just finished the course ‚ÄúISO 27001:2022-Compliant Cybersecurity: Getting Started‚Äù by Marc Menninger! Check it out: https://lnkd.in/dmNtvwPc #iso27001 #policydevelopment #securitycompliance.,"","",MEMBER_NETWORK
2025-02-11 15:45:42,https://www.linkedin.com/feed/update/urn%3Ali%3Ashare%3A7295105730867556352,"I do enjoy going through an OSINT Virtual Lab! Practicing with tools and knowledge that I gained on my Full Time Bootcamp. Always something new to learn and to try out, cheers Cybrary!","","",MEMBER_NETWORK
2025-02-11 06:46:33,https://www.linkedin.com/feed/update/urn%3Ali%3AugcPost%3A7294970047649751040,"Last evening I speant a good amount of time getting familiar with OWASP¬Æ Foundation 's Threat Dragon üê≤  to complete the certification ""Threat Modeling"" from Cybrary! It was a new tool for me, great way to visualize & tag organization's potential risks, describe them and many more features! üëæ","","",MEMBER_NETWORK
2025-02-09 12:46:36,https://www.linkedin.com/feed/update/urn%3Ali%3AugcPost%3A7294335883216850944,"Para quien le preocupe este tipo de noticias comparto:""
""""
""https://lnkd.in/db2tnYuJ (PrivacyTools .io)""
""""
""Web que categoriza herramientas seg√∫n si son totalmente Open-Source (c√≥digo abierto y auditable) si son auditadas por terceros imparciales, si han sido comprometidas por imposiciones de entidades de tres siglas ( CIA, FBI, etc.) y dem√°s par√°metros. Para tomar una decisi√≥n informada de como puedes proteger tu privacidad.","","",MEMBER_NETWORK
2025-02-08 21:13:41,https://www.linkedin.com/feed/update/urn%3Ali%3Ashare%3A7294101106710777856,"The thing is... If you are into Cybersecurity, you want hands-on exercises, labs, images, Tor websites & files to tinker with in order to gain real experience!""
"" You learn by doing not just reading. YOU üëá too can get your hands dirty for FREE with Security Blue Team""
""(I'm not sponsored in any way) ""
""After completing all of the free available Training courses I really recommend ""Introduction to OSINT ,Forensics, Powershell"" and my favourite one: ""Introduction to Dark Web Operations"". üéØ","","",MEMBER_NETWORK
2025-02-08 20:45:03,https://www.linkedin.com/feed/update/urn%3Ali%3Ashare%3A7294093900141531136,I‚Äôm happy to share that I‚Äôve obtained a new certification: Introduction to Bash from Security Blue Team!,"","",MEMBER_NETWORK
2025-02-07 14:32:34,https://www.linkedin.com/feed/update/urn%3Ali%3Ashare%3A7293637771267575808,Reviewing old Bootcamp material but using Cybrary to get hands-on with labs and test questions to reinforce learning about Defensive Security Operations. . #Cybersecurity #ContinuousLearning ü¶æ,"","",MEMBER_NETWORK
2025-02-07 13:17:56,https://www.linkedin.com/feed/update/urn%3Ali%3Ashare%3A7293618992412319747,"I KNOW THERE ARE SOME MENTORS OUT THERE üëÄ ""
""Could any kind Cyber Security Expert give me hint/tips on what to learn & practice next? Cheers! ""
""""
""I've got my certificates pinned on: https://lnkd.in/dUw3ZeAF üîå","","",MEMBER_NETWORK
2025-02-07 13:05:51,https://www.linkedin.com/feed/update/urn%3Ali%3AugcPost%3A7293615948891086848,Always good to practice some Data Backup and Recovery Basics üíæ üí≠  with  Cybrary!,"","",MEMBER_NETWORK
2025-02-06 17:36:10,https://www.linkedin.com/feed/update/urn%3Ali%3Ashare%3A7293321588899221504,Hey! I'm glad to share that I've finished the learning path ‚ÄúPrepare for the AWS Certified Cloud Practitioner (CLF-C02) Certification‚Äù! #cloudservices #securitycompliance I should be taking the real exam soon!¬†,"","",MEMBER_NETWORK
2025-02-05 18:35:34,https://www.linkedin.com/feed/update/urn%3Ali%3Ashare%3A7292974151949062146,Just finished the learning path ‚ÄúCareer Essentials in GitHub Professional Certificate‚Äù! Check it out: https://lnkd.in/dsEXjcZM #github.,"","",MEMBER_NETWORK
2025-01-30 15:04:08,https://www.linkedin.com/feed/update/urn%3Ali%3Ashare%3A7290746613088620546,"Innovate and break things, sure... but there are risks. Keep in mind your business security and assets, keep your staff up to date with the best practices and latest security implementations. Stay safe","","",MEMBER_NETWORK
2025-01-30 14:53:59,https://www.linkedin.com/feed/update/urn%3Ali%3Ashare%3A7290744058497372160,"Ha sido un placer asistir a esta ponencia, ha sido educativa y entretenida.""
""Ma√±ana m√°s STEM Talks üí™. ""
""Gracias a SAMARC Cybersafe por avisarme de este evento.","","",MEMBER_NETWORK
2025-01-28 12:23:48,https://www.linkedin.com/feed/update/urn%3Ali%3AugcPost%3A7289981491294461952,I‚Äôm happy to share that I‚Äôve obtained a new certification: Introduction to Python from Security Blue Team!,"","",MEMBER_NETWORK
2025-01-28 10:53:38,https://www.linkedin.com/feed/update/urn%3Ali%3Ashare%3A7289958796460789762,"When you like a study topic so much, that somehow you do more than a 100% ü§£ üòÖ #DarkWebOperations Security Blue Team","","",MEMBER_NETWORK
2025-01-24 17:43:19,https://www.linkedin.com/feed/update/urn%3Ali%3Ashare%3A7288612346300698624,"I have completed a TryHackMe room on Cybersecurity Governance and Regulation, and it was a fantastic refresher on the critical importance of protecting sensitive information.""
""The module covered key topics such as:""
""Governance, risk management, and compliance (GRC): Understanding the essential components of a GRC framework and how to develop an effective program.""
""Laws and regulations: Exploring key regulations like GDPR and PCI DSS, and understanding their purpose and impact.""
""Information security frameworks: Learning about ISO/IEC 27001, NIST 800-53, and other frameworks that provide guidance on implementing security controls.""
""With the ever-increasing threat landscape, robust security measures are more crucial than ever. A proactive understanding of cybersecurity governance and regulation is essential for any professional in this space.""
""#cybersecurity #GRC #GDPR #PCIDSS #ISO27001 #NIST #securityframeworks #dataprivacy #compliance",http://www.tryhackme.com/r/room/cybergovernanceregulation?utm_campaign=social_share&utm_medium=social&utm_source=linkedin,"",MEMBER_NETWORK
2025-01-24 16:14:27,https://www.linkedin.com/feed/update/urn%3Ali%3Ashare%3A7288589980833107968,"Refreshing basics. Always good to keep an eye on topics such as: security triad CIA, Disclosure of secret data DAD, Fundamental Concepts of Security Models, Defence-in-Depth, ISO/IEC 19249, Zero Trust versus Trust but Verify and Vulnerability vs Threat versus Risk.",http://www.tryhackme.com/r/room/securityprinciples?utm_campaign=social_share&utm_medium=social&utm_source=linkedin,"",MEMBER_NETWORK
2025-01-22 16:05:56,https://www.linkedin.com/feed/update/urn%3Ali%3AugcPost%3A7287863066019438593,Great News!,"","",MEMBER_NETWORK
2025-01-10 17:39:39,https://www.linkedin.com/feed/update/urn%3Ali%3Ashare%3A7283537994681098240,Running bitcoin,"","",MEMBER_NETWORK
2025-01-08 11:13:30,https://www.linkedin.com/feed/update/urn%3Ali%3Ashare%3A7282716039656751105,I‚Äôm happy to share that I‚Äôve obtained a new certification: Introduction to Programming: Python (Self-Study) 2nd Edition from Bejob & IBM SkillsBuild Student Ambassador Program!,"","",MEMBER_NETWORK
2024-12-30 15:17:17,https://www.linkedin.com/feed/update/urn%3Ali%3Ashare%3A7279515900729282560,Web Development with Python from IBM SkillsBuild. Badge acquired & learning more.,https://www.credly.com/badges/377ba6ff-0d4b-41df-8477-5ba08748c63d/linked_in?t=spbbst,"",MEMBER_NETWORK
2024-12-24 16:49:05,https://www.linkedin.com/feed/update/urn%3Ali%3AugcPost%3A7277364673270677504,"Omg, this is a game changer! no more third party extensions for Dark Mode :)","","",MEMBER_NETWORK
2024-12-19 15:20:32,https://www.linkedin.com/feed/update/urn%3Ali%3Ashare%3A7275530451392299010,"üëæ You should try this! üëæ ""
""""
""FREE site to to practice Linux & learn through a ""Capture The Flag"" format that makes it feel fun & challenging. ""
""It's called Bandit, one of the Wargames by OverTheWire.""
""""
""I'm glad to have finally spent a couple hours completing 33 Levels! ""
""""
""I recommend using ""MobaXterm"" to easily use SSH, plus handle private keys correctly.""
"" ENJOY! https://lnkd.in/dCS3RW2W","","",MEMBER_NETWORK
2024-08-06 13:12:39,https://www.linkedin.com/feed/update/urn%3Ali%3AugcPost%3A7226575908336263168,"üöÄ Just Finished CS120: Bitcoin for Developers I ! üöÄ""
""Hey everyone,""
""I‚Äôm excited to share that I‚Äôve just wrapped up an awesome Bitcoin certification course! Over the past few days, I spent around 20 hours digging into everything Bitcoin‚Äîfrom the fundamentals of cryptography to practical hands-on stuff.""
""Here‚Äôs what I loved about it:""
""-Deepening my Full Node Skills: I used my existing Bitcoin node to apply what I learned and get more comfortable with Linux command line operations.""
""-Understanding Keys and Transactions: Got a solid grasp on how public and private keys work together in Bitcoin transactions.""
""-Exploring Hashing and Mining: Learned the ins and outs of hashing and how it‚Äôs crucial for mining and the blockchain.""
""-A big shoutout to Saylor Academy for providing such valuable free content. I would love to find a Lightning Network course next. ""
""""
""If you're into Bitcoin or want to chat about blockchain and cybersecurity, feel free to connect!""
""#Bitcoin #Crypto #Blockchain #Linux #Cybersecurity #SaylorAcademy #BitcoinNode #LightningNetwork","","",MEMBER_NETWORK
2024-08-01 21:00:39,https://www.linkedin.com/feed/update/urn%3Ali%3Ashare%3A7224881742237634560,"While refreshing fundamentals & engaging in hands-on testing is fun, there‚Äôs truly no substitute for the insights gained from real-world experience. I'm improving my ability to translate theoretical knowledge into practical solutions.""
""Completed:   KCCS - KNOWLEDGE OF CYBERSECURITY SKILLS from Moss√© Cyber Security Institute!","","",MEMBER_NETWORK
2024-07-31 13:27:47,https://www.linkedin.com/feed/update/urn%3Ali%3AugcPost%3A7224405389096677377,"Apparently when you finish:""
""Introduction to Digital Forensics""
""Introduction to OSINT""
""Introduction to Vulnerability Management""
""Introduction to Threat Hunting""
""Introduction to Network Analysis""
""Introduction to Dark Web Operations""
""you get this cool certification: Blue Team Junior Analyst Pathway Bundle from Security Blue Team!  I'm pleased üôå .","","",MEMBER_NETWORK
2024-07-31 13:08:20,https://www.linkedin.com/feed/update/urn%3Ali%3Ashare%3A7224400492003549186,"Great to practice again with tools like Nmap, Nessus, WPScan, Metasploitable 2 & OpenVAS to gain this new certification: Introduction to Vulnerability Management from Security Blue Team!","","",MEMBER_NETWORK
2024-07-31 10:53:48,https://www.linkedin.com/feed/update/urn%3Ali%3Ashare%3A7224366636055633922,"Just finished Security Blue Team's ""Introduction to Threat Hunting"" course by Security Blue Team, and it was quite an adventure! üåü""
""""
""Got my hands dirty with Mandiant IOC Collector and Mandiant Redline for the first time. These tools are fantastic for local analysis when you have admin privileges, but they made me realize the importance of mastering remote administration and Threat Hunting tools for a broader reach.""
""""
""One of the highlights was playing around with hashes and strings on a Windows Virtual Machine, analyzing ""real"" viruses. It was fun to compare their SHA-1, SHA-256, and MD5 hashes with our IOC information for matches.""
""""
""Always exciting to turn theory into practice and see these tools in action!""
""""
""#ThreatHunting #Cybersecurity #Mandiant #BlueTeam #LearningByDoing","","",MEMBER_NETWORK
2024-07-30 10:19:36,https://www.linkedin.com/feed/update/urn%3Ali%3Ashare%3A7223995639775322113,"I‚Äôve obtained a new certification: Introduction to OSINT from Security Blue Team!""
""It was fun to play around again with tools like Shodan.io, TweetDeck, Google Dorks, The Harvester, OSINT Framework and different Reverse Image Searching sites.""
""""
""Happy so far with the free learning provided by Security Blue Team , Keep up the good work! Cheers!","","",MEMBER_NETWORK
2024-07-27 12:00:15,https://www.linkedin.com/feed/update/urn%3Ali%3Ashare%3A7222933805844594688,"Started following them after finding this post on my feed. Informative, concise and well presented. Time to get some of these now!","","",MEMBER_NETWORK
2024-07-24 12:04:41,https://www.linkedin.com/feed/update/urn%3Ali%3AugcPost%3A7221847758830223363,I‚Äôm happy to share that I‚Äôve obtained a new certification: Introduction to Digital Forensics from Security Blue Team!,"","",MEMBER_NETWORK
2024-07-23 15:06:09,https://www.linkedin.com/feed/update/urn%3Ali%3AugcPost%3A7221531038877982721,"We need Hope.""
""Earn Bitcoin.""
""It shouldn't be so easily blamed on ""inflation"", our currencies are debased on purpose.""
""Suitable website for the topic: www.hope.com","","",MEMBER_NETWORK
2024-06-05 10:53:48,https://www.linkedin.com/feed/update/urn%3Ali%3Ashare%3A7204072913455505408,Vaya dolor de cabeza! pero ha valido la pena. Completed Retro üòé,http://www.tryhackme.com/r/room/retro,"",MEMBER_NETWORK
2024-06-04 06:26:33,https://www.linkedin.com/feed/update/urn%3Ali%3AugcPost%3A7203643271812694016,Want to connect with Bitcoiners on Linkedin! I've been running Bitcoin Lightning nodes since 2020. This one nearly reached a whole coin of liquidity inbound+outbound back then! If you want to open a Dual Funded Balanced Channel hit me up!,"","",MEMBER_NETWORK
2024-05-30 18:04:47,https://www.linkedin.com/feed/update/urn%3Ali%3Ashare%3A7202007050271244288,Muy interessnte!,"","",MEMBER_NETWORK
2024-05-29 15:01:21,https://www.linkedin.com/feed/update/urn%3Ali%3Ashare%3A7201598496368439296,"Antes de estudiar Ciberseguridad pensaba que tal vez yo era un poco paranoico con la privacidad y posible filtraci√≥n de datos. Pero d√≠a tras d√≠a se ve que es una realidad y cada vez leo m√°s sobre bases de datos a la venta en la Darkweb de empresas de ""renombre"". Toda precauci√≥n es poca.","","",MEMBER_NETWORK
2024-05-29 14:32:17,https://www.linkedin.com/feed/update/urn%3Ali%3AugcPost%3A7201591182135603202,"I've been diving into Security Blue Team 's courses, and they offer fantastic opportunities for hands-on practice! üèÑ‚Äç‚ôÇÔ∏è""
""The Network Analysis course got a bit challenging, requiring a mix of Wireshark, tcpdump, and tshark. Tshark was an improvised addition, but it really helped!""
""Check out these free courses:""
""""
""https://lnkd.in/gvV2uqfF""
""""
""https://lnkd.in/gxYCgs6t""
""""
""I still have a few more to explore and complete! üòù","","",MEMBER_NETWORK
2024-05-29 00:15:22,https://www.linkedin.com/feed/update/urn%3Ali%3AugcPost%3A7201375532779769856,Run a Full Bitcoin Lightning Node! https://lnkd.in/dz-RvMpF Join the Revolution.,"","",MEMBER_NETWORK
2024-05-28 21:01:04,https://www.linkedin.com/feed/update/urn%3Ali%3AugcPost%3A7201326634648453120,"üïµÔ∏è‚Äç‚ôÇÔ∏è Spent a couple of hours this evening diving into ""Introduction to Darkweb Operations"" offered by Security Blue Team. It was a great experience that required a keen eye for details, and I‚Äôm happy to have earned the certification!""
""üìú Here's the link to the course for those interested: https://lnkd.in/drsSrsa2""
""A special shoutout to Nerea Hern√°ndez Del R√≠o for the inspiration! Next up, I‚Äôll be exploring ""Security Blue Team - Introduction to OSINT."" Can‚Äôt wait to get started! üòã","","",MEMBER_NETWORK
2024-05-25 15:34:00,https://www.linkedin.com/feed/update/urn%3Ali%3Ashare%3A7200157162331897856,"Repasando üëæ ""
""https://lnkd.in/dt6darQR","","",MEMBER_NETWORK
2024-05-20 17:37:51,https://www.linkedin.com/feed/update/urn%3Ali%3Ashare%3A7198376393024425984,"Fun room for anyone who is a fan of the show, nicely built with entertaining images and videos. üí™ ""
""""
""https://lnkd.in/dAC8_Qw6","","",MEMBER_NETWORK
2024-05-09 20:37:35,https://www.linkedin.com/feed/update/urn%3Ali%3Ashare%3A7194435357411594240,"Antes de dormir, he acabado ""Web Application Security"" en TryHackMe. Ha sido instructivo recordar c√≥mo las vulnerabilidades de IDOR permiten que los atacantes exploten el acceso secuencial a los datos y la importancia cr√≠tica de validar accesos en aplicaciones web.""
""""
""Before heading to bed, I finished 'Web Application Security' on TryHackMe. It was insightful to revisit how IDOR vulnerabilities allow attackers to exploit sequential data access and the critical importance of validating access in web applications.""
""""
""https://lnkd.in/dkq_UDTf","","",MEMBER_NETWORK
2024-05-09 11:46:57,https://www.linkedin.com/feed/update/urn%3Ali%3Ashare%3A7194301819701866498,"Repasando conceptos y metodolog√≠as que ya practiqu√© en el Bootcamp.""
""""
""Reviewing concepts and methodologies that I already practiced in the Bootcamp.""
""""
""https://lnkd.in/dZjffj7K","","",MEMBER_NETWORK
2024-05-03 16:40:27,https://www.linkedin.com/feed/update/urn%3Ali%3Ashare%3A7192201352272297984,"¬°Tengo una gran noticia! He completado con √©xito el bootcamp de ""Ciberseguridad, Hacking √âtico y Cloud"" en Upgradehub. üéâ üë®‚Äçüíª ""
""He adquirido habilidades esenciales que me preparan para los desaf√≠os de la ciberseguridad actual. Estoy listo para aportar a la seguridad digital y abierto a nuevas oportunidades laborales.""
""Con√©ctate conmigo para explorar c√≥mo puedo contribuir a tu equipo.""
""#Ciberseguridad #Hacking√âtico #CloudComputing #OpenToWork","","",MEMBER_NETWORK
2024-05-03 16:39:44,https://www.linkedin.com/feed/update/urn%3Ali%3Ashare%3A7192201173028814849,"Exciting news! I've successfully completed the ""Cybersecurity, Ethical Hacking and Cloud"" bootcamp at Upgradehub. üéâ üë®‚Äçüíª ""
""I've gained essential skills to tackle modern cybersecurity challenges. I'm ready to enhance digital security and open to new job opportunities.""
""Connect with me to discuss how I can contribute to your team.""
""#Cybersecurity #EthicalHacking #CloudComputing #OpenToWork","","",MEMBER_NETWORK
2024-04-06 07:25:21,https://www.linkedin.com/feed/update/urn%3Ali%3Ashare%3A7182277187201294336,"I'm excited to share that I have achieved my Cisco Cyber Threat Management certification. This is a significant step in my ongoing journey in cybersecurity, enriching my skills in areas like threat intelligence, risk management, and incident response. I'm committed to continuous learning and applying these skills to contribute to a safer digital environment.",https://www.credly.com/badges/5e2eb763-9d96-4f29-8018-99a71b82c352/linked_in?t=sbifa9,"",MEMBER_NETWORK
2024-04-04 11:45:33,https://www.linkedin.com/feed/update/urn%3Ali%3Ashare%3A7181617892159852544,"Practicing and learning more, as I do courses like 'Introduction to Cybersecurity' from Cisco, is part of my commitment to continuous improvement and staying up-to-date with the latest in tech.",https://www.credly.com/badges/cf1cfdca-0fa3-4989-b065-46d985178ae2/linked_in?t=sbf1zx,"",MEMBER_NETWORK
2024-03-27 21:41:21,https://www.linkedin.com/feed/update/urn%3Ali%3Ashare%3A7178868727067623424,"Very happy to share that I‚Äôve obtained a new certification: Foundation Level Threat intelligence Analyst from arcX!""
""""
""It's been a long day! üë®‚Äçüíª","","",MEMBER_NETWORK
2024-03-27 11:35:59,https://www.linkedin.com/feed/update/urn%3Ali%3AugcPost%3A7178716381201252354,I‚Äôm happy to share that I‚Äôve obtained a new certification: PRDV151: Bitcoin for Everybody from Saylor Academy!,"","",MEMBER_NETWORK
