HashTag,CreatedTime,LastModifiedTime,State
futurism,2016-03-02 23:25:11,2016-03-02 23:25:11,Follow
educationreform,2016-03-02 23:25:11,2016-03-02 23:25:11,Follow
newspapers,2016-03-02 23:25:11,2016-03-02 23:25:11,Follow
socialnetworking,2016-03-02 23:25:11,2016-03-02 23:25:11,Follow
cloudcomputing,2016-03-02 23:25:11,2016-03-02 23:25:11,Follow
mobilemarketing,2016-03-02 23:25:11,2016-03-02 23:25:11,Follow
mobileapplications,2016-03-02 23:25:11,2016-03-02 23:25:11,Follow
selfservice,2016-03-02 23:25:11,2016-03-02 23:25:11,Follow
airtravel,2016-03-02 23:25:11,2016-03-02 23:25:11,Follow
education,2016-03-02 23:25:11,2016-03-02 23:25:11,Follow
digitalmarketing,2016-03-02 23:25:11,2016-03-02 23:25:11,Follow
teachersandschoolemployees,2016-03-02 23:25:11,2016-03-02 23:25:11,Follow
highereducation,2016-03-02 23:25:11,2016-03-02 23:25:11,Follow
computersandtheinternet,2016-03-02 23:25:11,2016-03-02 23:25:11,Follow
advertisingandmarketing,2016-03-02 23:25:11,2016-03-02 23:25:11,Follow
customerrelations,2016-03-02 23:25:11,2016-03-02 23:25:11,Follow
educationpolicy,2016-03-02 23:25:11,2016-03-02 23:25:11,Follow
creativity,2016-03-02 23:25:11,2016-03-02 23:25:11,Follow
mobileadvertising,2016-03-02 23:25:11,2016-03-02 23:25:11,Follow
journalism,2016-03-02 23:25:11,2016-03-02 23:25:11,Follow
future,2016-03-02 23:25:11,2016-03-02 23:25:11,Follow
socialmedia,2016-03-02 23:25:11,2016-03-02 23:25:11,Follow
travel,2016-03-02 23:25:11,2016-03-02 23:25:11,Follow
businesstravel,2016-03-02 23:25:11,2016-03-02 23:25:11,Follow
publicrelations,2016-03-02 23:25:11,2016-03-02 23:25:11,Follow
publishing,2016-03-02 23:25:11,2016-03-02 23:25:11,Follow
innovation,2016-03-02 23:25:11,2016-03-02 23:25:11,Follow
mobiletechnology,2016-03-02 23:25:11,2016-03-02 23:25:11,Follow
marketing,2016-03-02 23:25:11,2016-03-02 23:25:11,Follow
mobilephones,2016-03-02 23:25:11,2016-03-02 23:25:11,Follow
technology,2016-03-02 23:25:11,2016-03-02 23:25:11,Follow
computing,2016-03-02 23:25:11,2016-03-02 23:25:11,Follow
streamingmedia,2016-03-02 23:25:11,2016-03-02 23:25:11,Follow
music,2016-03-02 23:25:11,2016-03-02 23:25:11,Follow
informationsecurity,2016-03-02 23:25:11,2016-03-02 23:25:11,Follow
branding,2016-03-02 23:25:11,2016-03-02 23:25:11,Follow
musicindustry,2016-03-02 23:25:11,2016-03-02 23:25:11,Follow
