Date,Link
2025-07-14 17:21:52,https://www.linkedin.com/feed/update/urn%3Ali%3Aactivity%3A7350575272930308097
2025-07-11 07:12:51,https://www.linkedin.com/feed/update/urn%3Ali%3Aactivity%3A7349334847242342400
2025-07-03 13:20:09,https://www.linkedin.com/feed/update/urn%3Ali%3Aactivity%3A7346528177105637376
2025-06-30 14:04:03,https://www.linkedin.com/feed/update/urn%3Ali%3Aactivity%3A7345452060655431680
2025-04-26 21:17:26,https://www.linkedin.com/feed/update/urn%3Ali%3Aactivity%3A7322005914809450496
2024-12-05 19:03:45,https://www.linkedin.com/feed/update/urn%3Ali%3Aactivity%3A7270513194392039424
2024-08-08 06:00:29,https://www.linkedin.com/feed/update/urn%3Ali%3Aactivity%3A7227191925320122368
2024-06-13 05:50:08,https://www.linkedin.com/feed/update/urn%3Ali%3Aactivity%3A7206895598724120576
2024-06-02 17:55:35,https://www.linkedin.com/feed/update/urn%3Ali%3Aactivity%3A7203091898419314688
2024-05-29 16:55:59,https://www.linkedin.com/feed/update/urn%3Ali%3Aactivity%3A7201627346666196992
2024-05-29 00:08:52,https://www.linkedin.com/feed/update/urn%3Ali%3Aactivity%3A7201373899639414784
