Date/Time,Media Description,Media Link
"You uploaded a document on February 11, 2025 at 3:42 PM (GMT)", -,https://media.licdn.com/dms/image/v2/D4D2DAQEEOsjIt-kvXQ/profile-treasury-document-cover-images_1920/B4DZT1rTaEHYBE-/0/1739288559176?e=1762106400&v=beta&t=jQlPFOBnHKUEOcOGNiJvckKf6JlC2OxRWoBKjLFQyd4
"You uploaded a document on February 7, 2025 at 12:57 PM (GMT)", -,https://media.licdn.com/dms/image/v2/D4D2DAQGKZZl5l8apDw/profile-treasury-document-cover-images_1920/profile-treasury-document-cover-images_1920/0/1738933061207?e=1762106400&v=beta&t=0nU91OvWhVAwV0h4BmgiIaYWP_S779Hvg8PMPC99xX8
"You uploaded a document on January 8, 2025 at 11:07 AM (GMT)", -,https://media.licdn.com/dms/image/v2/D4D2DAQHiCEjraPiwbA/profile-treasury-document-cover-images_1920/profile-treasury-document-cover-images_1920/0/1736334458271?e=1762106400&v=beta&t=1fnlk91HtxP1WeFMNkETBMx6p_8w2ibv0DuLSOGtT-0
"You uploaded a document on December 30, 2024 at 3:19 PM (GMT)", -,https://media.licdn.com/dms/image/v2/D4D2DAQFo8FAFYHSRfQ/profile-treasury-document-cover-images_1920/profile-treasury-document-cover-images_1920/0/1735571998986?e=1762106400&v=beta&t=IKHnfk_dE1KjXp_e3aRKWQs6af-rPSrsR3HDUjo10sw
"You uploaded a document on August 6, 2024 at 12:57 PM (GMT)", -,https://media.licdn.com/dms/document/media/v2/D4D2DAQGYNV24Z-JKmg/profile-treasury-document-pdf-analyzed/profile-treasury-document-pdf-analyzed/0/1722949031055?e=1762106400&v=beta&t=u-npeVYGI_-zh1jRdWMMCqg-_RHbtFCfcTVXl6NTBY4
"You uploaded a document on July 31, 2024 at 1:24 PM (GMT)", -,https://media.licdn.com/dms/document/media/v2/D4D2DAQEWx0MYK-pFjQ/profile-treasury-document-pdf-analyzed/profile-treasury-document-pdf-analyzed/0/1722432289218?e=1762106400&v=beta&t=CBcSFe4RKb6iBd9nFn-JFowvNBKp7N9MX6QGerewegU
"You uploaded a document on July 31, 2024 at 1:05 PM (GMT)", -,https://media.licdn.com/dms/document/media/v2/D4D2DAQHBItkc57jBjA/profile-treasury-document-pdf-analyzed/profile-treasury-document-pdf-analyzed/0/1722431125051?e=1762106400&v=beta&t=fgLO9lSIV2Xxo--FpncLN5aikahB34FC9VuVAXLOAus
"You uploaded a document on July 31, 2024 at 10:42 AM (GMT)", -,https://media.licdn.com/dms/document/media/v2/D4D2DAQHfvH7uGN3W3w/profile-treasury-document-pdf-analyzed/profile-treasury-document-pdf-analyzed/0/1722422566704?e=1762106400&v=beta&t=COx9Iyi_eGh47uqa98KRRlR6FLikDu1FRi0B04BPpKg
"You uploaded a document on July 30, 2024 at 10:13 AM (GMT)", -,https://media.licdn.com/dms/document/media/v2/D4D2DAQGsyx0bTBqaBg/profile-treasury-document-pdf-analyzed/profile-treasury-document-pdf-analyzed/0/1722334429158?e=1762106400&v=beta&t=c3pAMQoqAbmzaInjZF5wNygEHWWVOiMIx4cr4AtE-EA
"You uploaded a document on July 24, 2024 at 11:57 AM (GMT)", -,https://media.licdn.com/dms/document/media/v2/D4D2DAQHsXLJ35VOtHw/profile-treasury-document-pdf-analyzed/profile-treasury-document-pdf-analyzed/0/1721822276797?e=1762106400&v=beta&t=uxdRK-GJD2ByssD81rK0u_67LYV6dHXovdP2ztqfiUI
"You uploaded a document on May 29, 2024 at 2:17 PM (GMT)", -,https://media.licdn.com/dms/document/media/v2/D562DAQGEnCsr0Z4dsg/profile-treasury-document-pdf-analyzed/profile-treasury-document-pdf-analyzed/0/1716992253617?e=1762106400&v=beta&t=f9URo5pOG7Fw4eP9hqWuF82CZ_e-6fwg7l0BvhUhObc
"You uploaded a document on May 29, 2024 at 2:14 PM (GMT)", -,https://media.licdn.com/dms/document/media/v2/D562DAQG4RebGdK3D5Q/profile-treasury-document-pdf-analyzed/profile-treasury-document-pdf-analyzed/0/1716992077184?e=1762106400&v=beta&t=vCT1uoI8NOx__hNGBiOMPfFvsSo4-husAznDN4nAsAc
"You uploaded a document on May 29, 2024 at 2:09 PM (GMT)", -,https://media.licdn.com/dms/document/media/v2/D562DAQHil_pcdrX8Pw/profile-treasury-document-pdf-analyzed/profile-treasury-document-pdf-analyzed/0/1716991768292?e=1762106400&v=beta&t=652gDN6hLyLx1sBTk4lf7vXcqB4psFjDzgxizUoypAI
"You uploaded a document on May 29, 2024 at 2:08 PM (GMT)", -,https://media.licdn.com/dms/image/v2/D562DAQGblvZElg2AKg/profile-treasury-document-cover-images_1920/profile-treasury-document-cover-images_1920/0/1716991698263?e=1762106400&v=beta&t=OL5oqmTErPoC3xRr5fG_g3a6NpNsYHQ_cnxYSPA8XMY
"You uploaded a document on May 29, 2024 at 2:07 PM (GMT)", -,https://media.licdn.com/dms/document/media/v2/D562DAQErLVhPXJWb2Q/profile-treasury-document-pdf-analyzed/profile-treasury-document-pdf-analyzed/0/1716991678541?e=1762106400&v=beta&t=YZL-rnK0IkkLt5J38OUcvl-sgmyEjQenrSAuFd9sAvo
"You uploaded a document on May 29, 2024 at 2:06 PM (GMT)", -,https://media.licdn.com/dms/image/v2/D562DAQEyj66HLmBJkg/profile-treasury-document-cover-images_1920/profile-treasury-document-cover-images_1920/0/1716991601754?e=1762106400&v=beta&t=epMn911MAaAeilSs-lri_rPsFIp_MM78bKIJI9M6Tlc
"You uploaded a document on May 29, 2024 at 2:04 PM (GMT)", -,https://media.licdn.com/dms/document/media/v2/D4E2DAQF4yuEbMy32Kg/profile-treasury-document-pdf-analyzed/profile-treasury-document-pdf-analyzed/0/1716991474248?e=1762106400&v=beta&t=YINXmXP7IoEGE_wZAlJg17BBt4z-QKrQTXlV_Wa4YSg
"You uploaded a document on May 29, 2024 at 2:03 PM (GMT)", -,https://media.licdn.com/dms/document/media/v2/D4D2DAQFIQ4bG08CPpg/profile-treasury-document-pdf-analyzed/profile-treasury-document-pdf-analyzed/0/1716991416270?e=1762106400&v=beta&t=6zZlndJ1jn3sR6ScclHMH6_af-UuSd8nAZcvr2JK4EE
"You uploaded a document on May 29, 2024 at 2:02 PM (GMT)", -,https://media.licdn.com/dms/document/media/v2/D4D2DAQFdK_ZRtS1hHA/profile-treasury-document-pdf-analyzed/profile-treasury-document-pdf-analyzed/0/1716991330985?e=1762106400&v=beta&t=w0pQpoOW7x1aDitD-qonEbcculnabt2v3daLJyc6B1k
"You uploaded a feed photo on May 9, 2024 at 11:46 AM (GMT)", -,https://media.licdn.com/dms/image/v2/D4D22AQGH2V0LkGywlw/feedshare-shrink_2048_1536/feedshare-shrink_2048_1536/0/1715255216649?e=1762992000&v=beta&t=cvRJIgw7k5KKDOvHim7_QpEEOk6eNFlUGEckBoPkg60
"You uploaded a feed photo on March 27, 2024 at 9:41 PM (GMT)", -,https://media.licdn.com/dms/image/v2/D4D22AQH9zPMSdpyKyw/feedshare-shrink_2048_1536/feedshare-shrink_2048_1536/0/1711575681118?e=1762992000&v=beta&t=oZYNL-MHcTNT41NXwL0KwdD2c38GG3qAFVEl2C5WR2w
"You uploaded a photo on March 27, 2024 at 12:31 PM (GMT)", -,https://media.licdn.com/dms/image/v2/D4D2CAQGW60B0nuVogw/comment-image-shrink_8192_1280/comment-image-shrink_8192_1280/0/1711542688885?e=1762106400&v=beta&t=hbDMjHoPIqP6VIrRhXNkfQEQ2lT6IQq6lZyxCrh2n_A
"You uploaded a photo on March 27, 2024 at 11:54 AM (GMT)", -,https://media.licdn.com/dms/image/v2/D4D2DAQHqxtAqeVSWbQ/profile-treasury-image-shrink_8192_8192/profile-treasury-image-shrink_8192_8192/0/1711540497375?e=1762106400&v=beta&t=1vgP7Rc42sjKmxxBvsYLpLpqTZN7W9ot9CCB8HJ6H7A
"You uploaded a profile photo on January 3, 2024 at 11:07 AM (GMT)", -,https://media.licdn.com/dms/image/v2/D4D03AQFm9LS1-WM_xQ/profile-displayphoto-shrink_100_100/profile-displayphoto-shrink_100_100/0/1704280062591?e=1762992000&v=beta&t=IDJnkiXLCziuEC-YjMGCOBKuUydQZGpuLrTr3Gpzibs
"You uploaded a profile photo on January 3, 2024 at 11:06 AM (GMT)", -,https://media.licdn.com/dms/image/v2/D4D04AQFDd9USm8B4IA/profile-originalphoto-shrink_900_1200/profile-originalphoto-shrink_900_1200/0/1704280019896?e=1762992000&v=beta&t=ir6Rt5stWioommBh-xK0OTnV1XN4yRITqbDAjoquyZo
"You uploaded a profile background photo on February 1, 2018 at 1:40 PM (GMT)", -,https://media.licdn.com/dms/image/v2/C5116AQFpBtp4VuBBsg/profile-displaybackgroundimage-shrink_200_800/profile-displaybackgroundimage-shrink_200_800/0/1517492462565?e=1762992000&v=beta&t=GRzhrhikowbXlb3uUMs4X9bPhpg2L7FVnu0cmKgboxM
"You uploaded a profile background photo on February 1, 2018 at 1:40 PM (GMT)", -,https://media.licdn.com/dms/image/v2/C5104AQFQ3s6WsbzMeA/profile-originalbackgroundimage-shrink_396_1584/profile-originalbackgroundimage-shrink_396_1584/0/1517492460023?e=1762992000&v=beta&t=LGad9kxnB1TOGvJ6vBIwPzalgkzOYmIp6c_jwEEimgU
