savedItem,CreatedTime
https://www.linkedin.com/feed/update/urn:li:activity:7343270207030792192,2025-06-29 09:14:57
https://www.linkedin.com/feed/update/urn:li:activity:7327420620810407936,2025-06-06 17:23:34
https://www.linkedin.com/feed/update/urn:li:activity:7332299438356336641,2025-05-31 06:42:15
https://www.linkedin.com/feed/update/urn:li:activity:7321191527358078976,2025-04-24 22:14:09
https://www.linkedin.com/feed/update/urn:li:activity:7303858686194565122,2025-03-08 09:27:34
https://www.linkedin.com/feed/update/urn:li:activity:7270809969690619904,2024-12-08 23:06:15
https://www.linkedin.com/feed/update/urn:li:activity:7250528601123512322,2024-10-21 18:20:42
https://www.linkedin.com/feed/update/urn:li:activity:7254098812045070337,2024-10-21 18:19:49
https://www.linkedin.com/feed/update/urn:li:activity:7242861078315978752,2024-10-01 09:09:47
https://www.linkedin.com/feed/update/urn:li:activity:7241846029753438210,2024-09-18 08:22:24
https://www.linkedin.com/feed/update/urn:li:activity:7228444720237076481,2024-08-30 13:35:05
https://www.linkedin.com/feed/update/urn:li:activity:7234500068165267456,2024-08-28 10:21:27
https://www.linkedin.com/feed/update/urn:li:activity:7234075135983427584,2024-08-28 07:48:29
https://www.linkedin.com/feed/update/urn:li:activity:7231331281400168450,2024-08-20 10:04:49
https://www.linkedin.com/feed/update/urn:li:activity:7224313678458671105,2024-07-31 07:57:48
https://www.linkedin.com/feed/update/urn:li:activity:7202175648788877312,2024-05-31 06:24:23
https://www.linkedin.com/feed/update/urn:li:activity:7201847972366610432,2024-05-30 07:55:55
https://www.linkedin.com/feed/update/urn:li:activity:7198922568169377793,2024-05-22 08:01:47
https://www.linkedin.com/feed/update/urn:li:activity:7194818426954022912,2024-05-11 04:53:02
https://www.linkedin.com/feed/update/urn:li:activity:7192840693810110464,2024-05-05 13:31:49
https://www.linkedin.com/feed/update/urn:li:activity:7192239567398133760,2024-05-03 21:43:22
https://www.linkedin.com/feed/update/urn:li:activity:7191664230876475394,2024-05-02 06:58:48
https://www.linkedin.com/feed/update/urn:li:activity:7189341601670844416,2024-04-25 22:40:39
https://www.linkedin.com/feed/update/urn:li:activity:7186827300242427904,2024-04-25 16:09:54
https://www.linkedin.com/feed/update/urn:li:activity:7188596302341910528,2024-04-24 05:02:50
https://www.linkedin.com/feed/update/urn:li:activity:7184423555558780928,2024-04-24 05:00:42
https://www.linkedin.com/feed/update/urn:li:activity:7186421902356168705,2024-04-21 16:29:02
https://www.linkedin.com/feed/update/urn:li:activity:7185175584958754816,2024-04-21 16:28:46
https://www.linkedin.com/feed/update/urn:li:activity:7187088817785372672,2024-04-20 12:35:50
https://www.linkedin.com/feed/update/urn:li:activity:7185142370609311744,2024-04-14 12:17:27
https://www.linkedin.com/feed/update/urn:li:activity:7176880668667187200,2024-04-10 07:39:40
https://www.linkedin.com/feed/update/urn:li:activity:7175704595120197633,2024-04-10 07:13:02
https://www.linkedin.com/feed/update/urn:li:activity:7177874804773990401,2024-04-08 17:35:35
https://www.linkedin.com/feed/update/urn:li:activity:7181923984626601984,2024-04-08 16:19:47
https://www.linkedin.com/feed/update/urn:li:activity:7183041414023254016,2024-04-08 13:17:03
https://www.linkedin.com/feed/update/urn:li:activity:7182318984958988288,2024-04-08 08:24:21
https://www.linkedin.com/feed/update/urn:li:activity:7182754235418083328,2024-04-08 06:09:06
https://www.linkedin.com/feed/update/urn:li:activity:7181576464637538305,2024-04-08 05:33:04
https://www.linkedin.com/feed/update/urn:li:activity:7180161619186925569,2024-04-08 04:51:15
https://www.linkedin.com/feed/update/urn:li:activity:7181656052323545088,2024-04-06 13:55:06
https://www.linkedin.com/feed/update/urn:li:activity:7177033347737538561,2024-04-05 16:46:26
https://www.linkedin.com/feed/update/urn:li:activity:7179558941641621507,2024-03-31 14:39:37
